First Name,Last Name
Sheryl,Baxter
Preston,Lozano
Roy,Berry
Linda,Olsen
Joanna,Bender
Aimee,Downs
Darren,Peck
Brett,Mullen
Sheryl,Meyers
Michelle,Gallagher
Carl,Schroeder
Jenna,Dodson
Tracey,Mata
Kristine,Cox
Faith,Lutz
Miranda,Beasley
Caroline,Foley
Greg,Mata
Clifford,Jacobson
Joanna,Kirk
Maxwell,Frye
Kiara,Houston
Colleen,Howard
Janet,Valenzuela
Shane,Wilcox
Marcus,Moody
Dakota,Poole
Frederick,Harper
Stefanie,Fitzpatrick
Kent,Bradshaw
Jack,Tate
Tom,Trujillo
Gabriel,Mejia
Kaitlyn,Santana
Faith,Moon
Tammie,Haley
Nicholas,Sosa
Jordan,Gay
Bruce,Esparza
Sherry,Garza
Natalie,Gentry
Bryan,Dunn
Wayne,Simpson
Luis,Greer
Rhonda,Frost
Joanne,Montes
Geoffrey,Guzman
Gloria,Mccall
Brady,Cohen
Latoya,Mccann
Gerald,Hawkins
Samuel,Crawford
Patricia,Goodwin
Stacie,Richard
Robin,West
Ralph,Haas
Phyllis,Maldonado
Danny,Parrish
Kathy,Hill
Kelli,Hardy
Lynn,Pham
Shelley,Harris
Eddie,Jimenez
Chloe,Hutchinson
Eileen,Lynch
Fernando,Lambert
Makayla,Cannon
Tom,Alvarado
Virginia,Dudley
Riley,Good
Alexandria,Buck
Richard,Roth
Candice,Keller
Anita,Benson
Regina,Stein
Debra,Riddle
Brittany,Zuniga
Cassidy,Mcmahon
Laurie,Pennington
Alejandro,Blair
Leslie,Jennings
Kathleen,Mckay
Hunter,Moreno
Chad,Davidson
Corey,Holt
Emma,Cunningham
Duane,Woods
Alison,Vargas
Vernon,Kane
Lori,Flowers
Nina,Chavez
Shane,Foley
Collin,Ayers
Sherry,Young
Darrell,Douglas
Karl,Greer
Lynn,Atkinson
Fred,Guerra
Yvonne,Farmer
Clarence,Haynes
